Model,Accuracy,Precision,Recall,F1 (Weighted),CV Accuracy,CV Std
Random Forest,0.76375,0.7638539671947876,0.76375,0.763329805665822,0.76525,0.003121247747295932
XGBoost,0.77175,0.7715582778478591,0.77175,0.7710346733189942,0.7715625,0.0032295026706909554
